entry_date,exit_date,entry,exit,qty,reason,pnl,symbol,strategy
2022-01-10,2022-01-24,17913.3,17446.23,21,Stop loss,-10551.09,NIFTY 50,ema_crossover
2022-04-04,2022-04-18,17809.1,17224.94,16,Stop loss,-9907.07,NIFTY 50,ema_crossover
2022-07-26,2022-08-04,16632.9,17427.31,24,Target,18248.5,NIFTY 50,ema_crossover
2022-10-19,2022-11-24,17568.15,18512.03,21,Target,19063.88,NIFTY 50,ema_crossover
2023-04-26,2023-05-11,17767.3,18378.04,33,Target,18961.72,NIFTY 50,ema_crossover
2023-11-21,2023-12-04,19770.9,20389.65,33,Target,19093.47,NIFTY 50,ema_crossover
2025-04-22,2025-06-27,24185.4,25573.44,15,Target,20074.18,NIFTY 50,ema_crossover
2025-09-15,2025-09-26,25118.9,24761.27,30,Stop loss,-12225.35,NIFTY 50,ema_crossover
2026-07-03,2026-07-08,24375.65,23879.02,21,Stop loss,-11442.64,NIFTY 50,ema_crossover
2022-01-14,2022-01-24,38301.91,37040.05,7,Stop loss,-9360.42,BANK NIFTY,ema_crossover
2022-04-08,2022-04-19,37619.26,35976.01,6,Stop loss,-10301.08,BANK NIFTY,ema_crossover
2022-07-21,2022-08-08,36026.13,38233.67,8,Target,17066.27,BANK NIFTY,ema_crossover
2023-04-19,2023-05-29,42280.1,44401.24,9,Target,18310.07,BANK NIFTY,ema_crossover
2023-09-08,2023-10-04,44953.65,44037.96,11,Stop loss,-11051.44,BANK NIFTY,ema_crossover
2023-12-05,2024-01-18,46895.9,45829.85,9,Stop loss,-10428.98,BANK NIFTY,ema_crossover
2024-02-22,2024-04-30,46934.55,49857.65,6,Target,16957.87,BANK NIFTY,ema_crossover
2024-08-26,2024-09-20,51100.65,53565.41,8,Target,18880.73,BANK NIFTY,ema_crossover
2024-10-30,2024-11-01,51988.7,51550.15,6,Exit signal,-3252.54,BANK NIFTY,ema_crossover
2024-11-06,2024-11-13,52440.4,50978.93,7,Stop loss,-10954.23,BANK NIFTY,ema_crossover
2024-12-03,2024-12-20,52357.95,50909.32,7,Stop loss,-10863.26,BANK NIFTY,ema_crossover
2025-03-27,2025-04-07,51084.7,49806.95,7,Stop loss,-9650.47,BANK NIFTY,ema_crossover
2025-10-09,2025-10-20,55979.0,57877.53,10,Target,17846.76,BANK NIFTY,ema_crossover
2026-06-18,2026-07-15,57596.45,57691.6,6,End of backtest,-120.81,BANK NIFTY,ema_crossover
2022-01-14,2022-01-24,1148.15,1102.47,218,Stop loss,-10448.95,RELIANCE,ema_crossover
2022-03-23,2022-04-21,1142.71,1258.96,170,Target,19354.32,RELIANCE,ema_crossover
2022-08-12,2022-09-23,1173.19,1129.17,201,Exit signal,-9310.77,RELIANCE,ema_crossover
2022-11-07,2023-01-05,1177.34,1146.67,216,Exit signal,-7127.11,RELIANCE,ema_crossover
2023-05-03,2023-07-03,1111.0,1178.11,295,Target,19123.21,RELIANCE,ema_crossover
2023-11-30,2023-12-15,1183.08,1234.92,390,Target,19273.08,RELIANCE,ema_crossover
2024-05-27,2024-05-30,1462.59,1412.52,205,Stop loss,-10852.27,RELIANCE,ema_crossover
2024-06-10,2024-08-09,1452.43,1442.6,140,Exit signal,-1781.68,RELIANCE,ema_crossover
2024-08-30,2024-09-06,1520.87,1472.93,212,Stop loss,-10797.78,RELIANCE,ema_crossover
2025-03-26,2025-04-02,1279.95,1235.21,225,Stop loss,-10631.31,RELIANCE,ema_crossover
2025-04-23,2025-04-30,1285.9,1399.66,175,Target,19439.66,RELIANCE,ema_crossover
2025-10-23,2025-11-26,1468.21,1554.19,236,Target,19577.47,RELIANCE,ema_crossover
2026-05-07,2026-05-12,1432.18,1370.14,166,Stop loss,-10763.74,RELIANCE,ema_crossover
2022-04-04,2022-04-18,3280.07,3166.93,88,Stop loss,-10523.06,TCS,ema_crossover
2022-08-12,2022-08-23,3009.01,2898.91,89,Stop loss,-10325.07,TCS,ema_crossover
2022-11-03,2022-12-01,2848.31,3035.75,104,Target,18881.41,TCS,ema_crossover
2023-05-25,2023-06-16,2972.57,2887.2,116,Stop loss,-10582.53,TCS,ema_crossover
2023-06-22,2023-06-26,2963.77,2885.73,126,Stop loss,-10570.06,TCS,ema_crossover
2023-07-03,2023-07-14,3013.13,3179.0,117,Target,18682.75,TCS,ema_crossover
2023-11-24,2023-12-12,3193.23,3378.31,107,Target,19100.15,TCS,ema_crossover
2024-07-02,2024-07-18,3701.7,3957.62,79,Target,19613.03,TCS,ema_crossover
2024-12-02,2024-12-31,3976.77,3811.15,62,Stop loss,-10751.14,TCS,ema_crossover
2025-11-19,2025-12-18,2984.65,3165.63,113,Target,19755.82,TCS,ema_crossover
2022-03-15,2022-04-11,1659.28,1575.51,119,Stop loss,-10352.99,INFY,ema_crossover
2022-08-04,2022-08-25,1409.7,1345.27,153,Stop loss,-10278.1,INFY,ema_crossover
2022-10-28,2022-11-25,1369.89,1472.71,190,Target,18995.57,INFY,ema_crossover
2023-02-02,2023-02-28,1393.23,1342.15,195,Stop loss,-10493.61,INFY,ema_crossover
2023-07-07,2023-07-14,1213.63,1280.46,295,Target,18978.45,INFY,ema_crossover
2023-11-22,2023-12-15,1323.52,1407.29,240,Target,19448.62,INFY,ema_crossover
2024-06-18,2024-07-02,1407.15,1512.18,195,Target,19910.68,INFY,ema_crossover
2024-11-26,2025-01-17,1811.01,1729.32,128,Stop loss,-10909.14,INFY,ema_crossover
2025-06-12,2025-07-23,1558.89,1498.42,171,Stop loss,-10862.7,INFY,ema_crossover
2025-10-30,2025-11-07,1475.08,1421.28,190,Stop loss,-10772.45,INFY,ema_crossover
2022-04-05,2022-04-06,779.85,731.2,205,Stop loss,-10282.27,HDFCBANK,ema_crossover
2022-07-13,2022-07-19,657.94,632.85,410,Exit signal,-10814.9,HDFCBANK,ema_crossover
2022-07-25,2022-08-16,660.31,706.11,427,Target,18973.73,HDFCBANK,ema_crossover
2022-10-31,2022-11-11,696.76,748.4,386,Target,19378.63,HDFCBANK,ema_crossover
2023-04-11,2023-06-07,785.27,767.68,421,Exit signal,-8059.24,HDFCBANK,ema_crossover
2023-06-28,2023-08-03,799.54,777.86,465,Stop loss,-10814.06,HDFCBANK,ema_crossover
2023-12-06,2024-01-17,784.44,763.1,467,Stop loss,-10687.72,HDFCBANK,ema_crossover
2024-04-10,2024-04-15,742.04,719.71,442,Stop loss,-10516.4,HDFCBANK,ema_crossover
2024-05-27,2024-06-04,739.29,714.15,388,Stop loss,-10319.13,HDFCBANK,ema_crossover
2025-03-21,2025-04-15,851.98,902.86,380,Target,18668.54,HDFCBANK,ema_crossover
2025-10-17,2026-01-06,977.78,950.73,364,Stop loss,-10547.63,HDFCBANK,ema_crossover
2026-06-30,2026-07-15,806.1,815.5,338,End of backtest,2629.11,HDFCBANK,ema_crossover
2022-01-05,2022-02-22,749.83,716.04,295,Stop loss,-10398.65,ICICIBANK,ema_crossover
2022-04-19,2022-05-04,738.96,704.89,290,Stop loss,-10300.57,ICICIBANK,ema_crossover
2022-06-07,2022-06-13,718.78,688.35,321,Stop loss,-10222.34,ICICIBANK,ema_crossover
2022-07-12,2022-08-03,742.4,801.44,328,Target,18855.82,ICICIBANK,ema_crossover
2023-04-12,2023-05-16,862.11,927.05,304,Target,19198.5,ICICIBANK,ema_crossover
2023-12-06,2024-01-02,997.65,966.56,323,Stop loss,-10676.36,ICICIBANK,ema_crossover
2025-03-21,2025-04-07,1305.92,1263.76,236,Stop loss,-10558.08,ICICIBANK,ema_crossover
2026-01-09,2026-01-19,1427.1,1387.96,251,Stop loss,-10530.5,ICICIBANK,ema_crossover
2026-02-05,2026-03-02,1414.0,1359.47,178,Stop loss,-10199.87,ICICIBANK,ema_crossover
2026-06-18,2026-07-07,1333.6,1431.94,196,Target,18731.74,ICICIBANK,ema_crossover
2022-01-11,2022-02-24,460.12,438.26,457,Stop loss,-10398.91,SBIN,ema_crossover
2022-04-06,2022-05-02,463.78,440.51,425,Stop loss,-10273.82,SBIN,ema_crossover
2022-07-11,2022-07-27,450.58,485.7,557,Target,19043.73,SBIN,ema_crossover
2023-04-28,2023-07-10,527.5,567.21,502,Target,19387.57,SBIN,ema_crossover
2023-09-14,2023-10-13,566.78,548.66,561,Stop loss,-10791.18,SBIN,ema_crossover
2023-12-07,2023-12-15,577.72,612.89,572,Target,19437.54,SBIN,ema_crossover
2024-11-04,2024-11-21,792.23,757.25,293,Stop loss,-10700.89,SBIN,ema_crossover
2025-04-03,2025-04-07,741.48,713.18,358,Stop loss,-10650.25,SBIN,ema_crossover
2026-04-27,2026-05-05,1091.28,1037.2,185,Stop loss,-10399.11,SBIN,ema_crossover
2026-05-07,2026-05-08,1086.42,1036.83,200,Stop loss,-10342.62,SBIN,ema_crossover
2026-06-26,2026-07-15,1045.4,1023.2,267,End of backtest,-6479.72,SBIN,ema_crossover
2022-01-10,2022-01-17,193.7,216.44,879,Target,19624.67,NIFTYBEES,ema_crossover
2022-04-04,2022-05-02,190.5,178.25,832,Stop loss,-10496.26,NIFTYBEES,ema_crossover
2022-07-26,2022-08-02,176.1,192.32,1244,Target,19723.6,NIFTYBEES,ema_crossover
2023-04-27,2023-05-19,195.2,204.39,2237,Target,19674.44,NIFTYBEES,ema_crossover
2023-11-20,2023-12-15,218.99,236.8,1177,Target,20425.4,NIFTYBEES,ema_crossover
2025-04-22,2025-08-12,270.11,277.89,1015,Exit signal,7340.51,NIFTYBEES,ema_crossover
2025-08-20,2025-08-25,282.48,276.56,1816,Stop loss,-11773.22,NIFTYBEES,ema_crossover
2025-09-11,2025-09-19,281.9,293.81,1788,Target,20259.65,NIFTYBEES,ema_crossover
2026-06-29,2026-07-15,274.39,273.83,1839,End of backtest,-2038.07,NIFTYBEES,ema_crossover
2022-01-04,2022-01-24,17681.4,17575.15,20,Exit signal,-2830.13,NIFTY 50,supertrend_ema
2022-09-13,2022-09-16,18044.45,17643.6,24,Stop loss,-10476.79,NIFTY 50,supertrend_ema
2022-10-25,2022-11-30,17808.3,18687.42,22,Target,18537.81,NIFTY 50,supertrend_ema
2023-04-10,2023-05-11,17634.9,18373.11,27,Target,18959.43,NIFTY 50,supertrend_ema
2023-09-08,2023-09-25,19774.8,19678.2,35,Exit signal,-4761.91,NIFTY 50,supertrend_ema
2023-11-16,2023-12-04,19674.7,20328.18,31,Target,19017.88,NIFTY 50,supertrend_ema
2024-02-20,2024-03-20,22099.2,21843.9,21,Exit signal,-6284.08,NIFTY 50,supertrend_ema
2024-04-09,2024-04-15,22765.1,22330.23,23,Stop loss,-11039.22,NIFTY 50,supertrend_ema
2024-05-24,2024-05-30,22930.75,22467.13,22,Stop loss,-11198.33,NIFTY 50,supertrend_ema
2024-06-26,2024-07-29,23723.1,24886.67,17,Target,18954.34,NIFTY 50,supertrend_ema
2024-08-27,2024-09-23,25024.8,25918.13,23,Target,19374.97,NIFTY 50,supertrend_ema
2025-02-05,2025-02-11,23801.75,23271.71,19,Stop loss,-10965.12,NIFTY 50,supertrend_ema
2025-04-16,2025-05-12,23344.1,24728.33,14,Target,18706.15,NIFTY 50,supertrend_ema
2025-09-15,2025-09-26,25118.9,24818.55,29,Exit signal,-10158.32,NIFTY 50,supertrend_ema
2025-10-10,2025-10-20,25167.65,25885.43,29,Target,19335.05,NIFTY 50,supertrend_ema
2026-02-05,2026-03-02,25755.9,25104.4,16,Stop loss,-11237.81,NIFTY 50,supertrend_ema
2026-06-18,2026-07-15,24073.8,24082.1,19,End of backtest,-757.28,NIFTY 50,supertrend_ema
2022-01-06,2022-02-24,37242.12,35830.65,7,Stop loss,-10391.75,BANK NIFTY,supertrend_ema
2022-05-31,2022-06-13,35614.89,34164.77,6,Stop loss,-9119.35,BANK NIFTY,supertrend_ema
2022-07-08,2022-07-29,35258.49,37586.53,8,Target,18041.57,BANK NIFTY,supertrend_ema
2022-10-19,2022-12-01,40556.18,43416.93,6,Target,16660.67,BANK NIFTY,supertrend_ema
2023-04-12,2023-05-04,41426.0,43539.06,9,Target,18252.82,BANK NIFTY,supertrend_ema
2023-09-11,2023-09-22,45340.8,44707.35,11,Exit signal,-7958.47,BANK NIFTY,supertrend_ema
2023-11-16,2023-11-22,44251.7,43369.25,11,Stop loss,-10670.77,BANK NIFTY,supertrend_ema
2024-03-04,2024-03-20,47318.5,45925.3,7,Stop loss,-10405.12,BANK NIFTY,supertrend_ema
2024-04-30,2024-05-08,49477.1,48189.41,7,Stop loss,-9697.53,BANK NIFTY,supertrend_ema
2024-06-04,2024-06-04,50667.05,48609.14,4,Stop loss,-8628.76,BANK NIFTY,supertrend_ema
2024-06-26,2024-07-24,52653.2,50905.25,5,Stop loss,-9257.55,BANK NIFTY,supertrend_ema
2024-09-16,2024-09-23,52038.7,54165.57,9,Target,18186.01,BANK NIFTY,supertrend_ema
2024-12-04,2024-12-19,52775.0,51329.57,6,Stop loss,-9297.22,BANK NIFTY,supertrend_ema
2025-02-06,2025-02-12,50468.35,49093.37,7,Stop loss,-10321.79,BANK NIFTY,supertrend_ema
2025-03-20,2025-04-15,49947.6,52198.1,8,Target,17186.84,BANK NIFTY,supertrend_ema
2025-09-18,2025-09-25,55797.1,54923.49,11,Stop loss,-10827.61,BANK NIFTY,supertrend_ema
2025-10-07,2025-10-20,56126.4,58033.18,10,Target,17926.18,BANK NIFTY,supertrend_ema
2026-02-05,2026-03-04,60315.35,58652.73,6,Stop loss,-10689.51,BANK NIFTY,supertrend_ema
2026-06-15,2026-07-15,57679.65,57691.6,5,End of backtest,-517.09,BANK NIFTY,supertrend_ema
2022-01-13,2022-01-24,1141.92,1095.61,215,Stop loss,-10436.86,RELIANCE,supertrend_ema
2022-03-15,2022-04-20,1099.66,1218.47,166,Target,19336.72,RELIANCE,supertrend_ema
2022-05-31,2022-06-21,1196.34,1159.47,146,Exit signal,-5726.62,RELIANCE,supertrend_ema
2022-08-03,2022-09-19,1177.59,1135.63,191,Exit signal,-8456.37,RELIANCE,supertrend_ema
2022-10-21,2022-11-28,1139.49,1233.83,210,Target,19313.1,RELIANCE,supertrend_ema
2024-05-24,2024-05-30,1465.95,1415.58,201,Stop loss,-10702.4,RELIANCE,supertrend_ema
2024-07-01,2024-07-23,1543.91,1483.11,154,Exit signal,-9828.13,RELIANCE,supertrend_ema
2025-01-20,2025-01-23,1304.73,1255.36,201,Stop loss,-10438.47,RELIANCE,supertrend_ema
2025-03-10,2025-04-04,1234.34,1183.65,193,Stop loss,-10250.25,RELIANCE,supertrend_ema
2025-04-16,2025-04-28,1223.53,1335.3,174,Target,19002.21,RELIANCE,supertrend_ema
2025-10-20,2025-11-12,1433.37,1516.17,239,Target,19082.65,RELIANCE,supertrend_ema
2026-04-30,2026-05-13,1402.52,1355.13,150,Exit signal,-7520.79,RELIANCE,supertrend_ema
2022-03-24,2022-04-18,3226.01,3090.13,73,Stop loss,-10380.19,TCS,supertrend_ema
2022-07-29,2022-08-26,2895.48,2846.46,78,Exit signal,-4271.45,TCS,supertrend_ema
2022-10-21,2022-11-25,2786.32,2998.91,92,Target,19025.39,TCS,supertrend_ema
2023-01-17,2023-02-28,3005.06,3003.7,90,Exit signal,-662.63,TCS,supertrend_ema
2023-05-10,2023-06-16,2968.96,2881.69,115,Stop loss,-10708.13,TCS,supertrend_ema
2023-07-06,2023-07-14,3006.09,3161.12,128,Target,19054.5,TCS,supertrend_ema
2023-11-17,2023-12-15,3196.52,3387.93,105,Target,19407.07,TCS,supertrend_ema
2024-06-28,2024-07-12,3631.44,3880.8,82,Target,19831.66,TCS,supertrend_ema
2024-08-19,2024-09-20,4107.38,4010.66,63,Exit signal,-6604.45,TCS,supertrend_ema
2024-11-12,2024-11-18,3926.48,3778.51,70,Stop loss,-10896.83,TCS,supertrend_ema
2026-06-03,2026-06-03,2379.95,2236.81,72,Stop loss,-10638.35,TCS,supertrend_ema
2022-03-11,2022-04-12,1593.95,1544.3,127,Exit signal,-6703.6,INFY,supertrend_ema
2022-07-11,2022-07-14,1327.56,1265.0,158,Stop loss,-10293.9,INFY,supertrend_ema
2022-10-18,2022-11-24,1340.88,1461.86,162,Target,19145.97,INFY,supertrend_ema
2023-01-19,2023-02-28,1382.37,1360.56,199,Exit signal,-4886.91,INFY,supertrend_ema
2023-09-04,2023-09-29,1312.79,1302.88,266,Exit signal,-3333.58,INFY,supertrend_ema
2023-11-17,2023-12-15,1327.99,1415.84,226,Target,19233.13,INFY,supertrend_ema
2024-06-07,2024-07-02,1392.11,1511.23,170,Target,19756.53,INFY,supertrend_ema
2024-08-28,2024-10-21,1792.45,1728.27,160,Stop loss,-10832.66,INFY,supertrend_ema
2024-11-13,2025-01-20,1769.32,1733.05,142,Exit signal,-5647.48,INFY,supertrend_ema
2025-05-13,2025-07-28,1529.65,1459.49,125,Exit signal,-9143.62,INFY,supertrend_ema
2025-08-26,2025-09-04,1468.26,1411.21,176,Stop loss,-10548.77,INFY,supertrend_ema
2025-09-19,2025-09-22,1489.09,1431.41,172,Stop loss,-10422.83,INFY,supertrend_ema
2025-10-24,2025-11-07,1484.17,1425.07,166,Stop loss,-10294.28,INFY,supertrend_ema
2022-01-05,2022-01-24,719.07,692.3,373,Stop loss,-10510.05,HDFCBANK,supertrend_ema
2022-03-21,2022-03-28,695.77,656.66,253,Stop loss,-10235.51,HDFCBANK,supertrend_ema
2022-05-30,2022-06-10,667.53,636.41,314,Stop loss,-10179.75,HDFCBANK,supertrend_ema
2022-07-08,2022-07-13,667.41,643.17,399,Stop loss,-10195.06,HDFCBANK,supertrend_ema
2022-09-14,2022-09-23,707.19,684.13,415,Stop loss,-10147.92,HDFCBANK,supertrend_ema
2022-11-01,2022-11-11,711.67,763.99,362,Target,18408.51,HDFCBANK,supertrend_ema
2023-01-24,2023-01-27,792.87,766.62,368,Stop loss,-10230.98,HDFCBANK,supertrend_ema
2023-04-06,2023-05-08,780.32,773.91,377,Exit signal,-3003.94,HDFCBANK,supertrend_ema
2023-06-28,2023-07-12,799.54,792.53,440,Exit signal,-3786.63,HDFCBANK,supertrend_ema
2023-09-12,2023-09-20,785.18,765.27,477,Stop loss,-10233.8,HDFCBANK,supertrend_ema
2023-11-30,2023-12-08,751.26,788.6,503,Target,18009.57,HDFCBANK,supertrend_ema
2024-04-03,2024-05-10,704.79,698.35,428,Exit signal,-3356.56,HDFCBANK,supertrend_ema
2024-05-27,2024-06-04,739.29,714.15,379,Stop loss,-10079.77,HDFCBANK,supertrend_ema
2024-06-18,2024-07-02,774.98,833.49,322,Target,18320.49,HDFCBANK,supertrend_ema
2024-09-20,2024-10-04,833.03,812.64,453,Exit signal,-9978.92,HDFCBANK,supertrend_ema
2024-10-22,2024-12-04,839.6,902.04,305,Target,18511.76,HDFCBANK,supertrend_ema
2025-02-06,2025-02-24,842.25,812.8,329,Stop loss,-10233.3,HDFCBANK,supertrend_ema
2025-10-08,2026-01-07,960.12,940.45,360,Exit signal,-7767.06,HDFCBANK,supertrend_ema
2026-06-17,2026-07-07,774.83,838.75,298,Target,18567.2,HDFCBANK,supertrend_ema
2022-01-05,2022-02-15,749.83,730.38,295,Exit signal,-6174.09,ICICIBANK,supertrend_ema
2022-04-04,2022-05-10,719.75,683.86,267,Exit signal,-9957.59,ICICIBANK,supertrend_ema
2022-05-30,2022-06-13,726.3,693.04,295,Stop loss,-10230.54,ICICIBANK,supertrend_ema
2022-07-08,2022-07-25,728.78,788.51,326,Target,18977.23,ICICIBANK,supertrend_ema
2022-10-25,2022-10-28,919.29,881.39,261,Stop loss,-10362.14,ICICIBANK,supertrend_ema
2023-03-09,2023-03-13,846.25,815.66,321,Stop loss,-10352.2,ICICIBANK,supertrend_ema
2023-04-03,2023-05-12,858.93,924.39,296,Target,18847.36,ICICIBANK,supertrend_ema
2023-12-05,2024-01-03,986.33,968.82,318,Exit signal,-6190.87,ICICIBANK,supertrend_ema
2024-01-24,2024-02-08,1012.85,969.76,228,Stop loss,-10275.39,ICICIBANK,supertrend_ema
2024-04-30,2024-05-09,1141.24,1096.61,218,Stop loss,-10218.71,ICICIBANK,supertrend_ema
2024-06-26,2024-08-06,1182.62,1156.05,174,Exit signal,-5029.17,ICICIBANK,supertrend_ema
2024-09-02,2024-09-20,1229.51,1308.49,242,Target,18497.47,ICICIBANK,supertrend_ema
2024-10-30,2024-11-05,1313.86,1257.52,173,Stop loss,-10192.4,ICICIBANK,supertrend_ema
2025-02-07,2025-02-21,1262.26,1216.99,213,Stop loss,-10171.17,ICICIBANK,supertrend_ema
2025-03-18,2025-03-21,1259.28,1331.98,263,Target,18437.54,ICICIBANK,supertrend_ema
2025-04-21,2025-08-28,1425.0,1408.0,175,Exit signal,-3471.58,ICICIBANK,supertrend_ema
2025-10-16,2025-10-23,1401.0,1368.07,295,Stop loss,-10530.06,ICICIBANK,supertrend_ema
2025-11-28,2025-12-11,1392.0,1356.98,274,Stop loss,-10348.39,ICICIBANK,supertrend_ema
2026-01-07,2026-01-19,1408.0,1371.07,257,Stop loss,-10206.3,ICICIBANK,supertrend_ema
2026-02-13,2026-03-02,1425.3,1375.9,190,Stop loss,-9919.03,ICICIBANK,supertrend_ema
2026-06-12,2026-07-15,1330.0,1411.2,174,End of backtest,13651.82,ICICIBANK,supertrend_ema
2022-01-06,2022-01-28,446.12,490.26,453,Target,19568.65,SBIN,supertrend_ema
2022-03-17,2022-05-05,456.46,443.65,358,Exit signal,-4906.96,SBIN,supertrend_ema
2022-07-05,2022-07-22,441.43,479.76,529,Target,19793.25,SBIN,supertrend_ema
2022-10-25,2022-12-14,531.87,582.23,410,Target,20192.4,SBIN,supertrend_ema
2023-03-06,2023-03-13,524.81,498.72,404,Stop loss,-10949.85,SBIN,supertrend_ema
2023-04-18,2023-05-16,506.64,546.66,521,Target,20301.34,SBIN,supertrend_ema
2023-07-04,2023-07-24,557.07,588.74,671,Target,20481.25,SBIN,supertrend_ema
2023-09-14,2023-10-13,566.78,548.66,598,Stop loss,-11502.89,SBIN,supertrend_ema
2023-11-06,2023-11-17,551.2,533.26,598,Stop loss,-11378.23,SBIN,supertrend_ema
2023-12-05,2023-12-15,563.56,599.23,595,Target,20530.83,SBIN,supertrend_ema
2024-02-08,2024-02-15,644.39,712.98,315,Target,21178.64,SBIN,supertrend_ema
2024-04-26,2024-06-03,772.72,838.61,334,Target,21467.79,SBIN,supertrend_ema
2024-07-19,2024-07-23,861.85,827.65,328,Stop loss,-11769.75,SBIN,supertrend_ema
2024-10-30,2024-11-21,797.33,762.08,315,Stop loss,-11593.93,SBIN,supertrend_ema
2024-12-04,2024-12-20,822.32,785.27,297,Stop loss,-11481.21,SBIN,supertrend_ema
2025-03-20,2025-04-21,720.29,772.99,413,Target,21147.24,SBIN,supertrend_ema
2025-08-18,2025-08-26,821.2,799.28,506,Stop loss,-11908.92,SBIN,supertrend_ema
2026-01-05,2026-01-20,982.29,1032.63,436,Target,21066.0,SBIN,supertrend_ema
2026-04-21,2026-05-05,1093.69,1032.44,182,Stop loss,-11533.83,SBIN,supertrend_ema
2026-06-15,2026-07-15,1034.0,1023.2,266,End of backtest,-3420.01,SBIN,supertrend_ema
2022-04-05,2022-04-19,196.74,184.93,846,Stop loss,-10312.35,NIFTYBEES,supertrend_ema
2022-07-25,2022-08-02,182.95,198.62,1263,Target,19311.01,NIFTYBEES,supertrend_ema
2023-04-28,2023-06-08,196.8,205.9,2216,Target,19281.1,NIFTYBEES,supertrend_ema
2023-12-05,2024-02-05,228.45,248.12,1045,Target,20053.34,NIFTYBEES,supertrend_ema
2024-12-06,2024-12-19,277.99,269.65,1256,Stop loss,-11164.48,NIFTYBEES,supertrend_ema
2025-03-21,2025-04-07,260.0,253.73,1655,Stop loss,-11219.07,NIFTYBEES,supertrend_ema
2025-04-22,2025-08-04,270.11,278.81,974,Exit signal,7939.16,NIFTYBEES,supertrend_ema
2025-09-18,2025-09-25,286.98,281.64,1934,Stop loss,-11436.82,NIFTYBEES,supertrend_ema
2025-10-17,2026-01-21,288.69,285.0,1423,Exit signal,-6067.23,NIFTYBEES,supertrend_ema
2026-02-10,2026-02-27,292.56,285.43,1425,Stop loss,-10986.2,NIFTYBEES,supertrend_ema
2026-06-18,2026-07-15,273.11,273.83,1580,End of backtest,273.44,NIFTYBEES,supertrend_ema
2022-01-04,2022-01-24,17681.4,17203.09,20,Stop loss,-10263.99,NIFTY 50,rsi_ema
2022-03-21,2022-04-20,17329.5,17045.25,14,Exit signal,-4460.75,NIFTY 50,rsi_ema
2022-07-19,2022-07-29,16187.05,17030.62,23,Target,18638.06,NIFTY 50,rsi_ema
2022-09-01,2022-09-26,17485.7,17156.3,21,Exit signal,-7644.85,NIFTY 50,rsi_ema
2022-10-20,2022-11-11,17423.1,18346.18,21,Target,18633.48,NIFTY 50,rsi_ema
2023-02-17,2023-02-22,17974.85,17587.15,26,Stop loss,-11004.84,NIFTY 50,rsi_ema
2023-04-06,2023-05-09,17533.85,18299.26,26,Target,18968.99,NIFTY 50,rsi_ema
2023-06-27,2023-07-03,18748.55,19264.2,39,Target,18627.67,NIFTY 50,rsi_ema
2023-08-10,2023-08-14,19605.55,19282.94,32,Stop loss,-11568.05,NIFTY 50,rsi_ema
2023-09-05,2023-09-14,19564.65,20123.06,36,Target,18673.96,NIFTY 50,rsi_ema
2023-10-12,2023-10-19,19822.7,19513.02,33,Stop loss,-11517.41,NIFTY 50,rsi_ema
2023-11-16,2023-12-04,19674.7,20328.18,31,Target,19017.88,NIFTY 50,rsi_ema
2024-01-23,2024-01-23,21716.7,21234.73,21,Stop loss,-11023.33,NIFTY 50,rsi_ema
2024-01-30,2024-03-20,21775.75,21843.9,19,Exit signal,466.08,NIFTY 50,rsi_ema
2024-04-01,2024-04-18,22455.0,21972.56,21,Stop loss,-11064.21,NIFTY 50,rsi_ema
2024-04-26,2024-05-09,22620.4,22164.13,22,Stop loss,-11023.18,NIFTY 50,rsi_ema
2024-05-21,2024-06-03,22404.55,23337.47,21,Target,18630.63,NIFTY 50,rsi_ema
2024-06-04,2024-06-04,23179.5,22399.59,13,Stop loss,-10731.38,NIFTY 50,rsi_ema
2024-06-10,2024-07-29,23319.15,24944.88,12,Target,18929.55,NIFTY 50,rsi_ema
2024-08-20,2024-09-20,24648.9,25712.74,19,Target,19256.15,NIFTY 50,rsi_ema
2024-12-04,2024-12-19,24488.75,23889.92,17,Stop loss,-11002.48,NIFTY 50,rsi_ema
2025-02-05,2025-02-11,23801.75,23271.71,19,Stop loss,-10965.12,NIFTY 50,rsi_ema
2025-04-03,2025-04-07,23150.3,22642.85,20,Stop loss,-11064.88,NIFTY 50,rsi_ema
2025-04-16,2025-05-12,23344.1,24728.33,14,Target,18706.15,NIFTY 50,rsi_ema
2025-05-13,2025-07-21,24864.05,24999.0,15,Exit signal,1276.29,NIFTY 50,rsi_ema
2025-08-20,2025-08-28,24965.8,24552.98,25,Stop loss,-11558.52,NIFTY 50,rsi_ema
2025-09-11,2025-09-29,24945.5,24728.55,27,Exit signal,-7198.83,NIFTY 50,rsi_ema
2025-10-07,2025-10-20,25085.3,25805.15,28,Target,18730.74,NIFTY 50,rsi_ema
2025-11-12,2025-12-11,25834.3,25771.4,25,Exit signal,-2862.65,NIFTY 50,rsi_ema
2025-12-23,2026-01-09,26205.2,25840.4,27,Exit signal,-11254.8,NIFTY 50,rsi_ema
2026-02-10,2026-02-16,25922.65,25423.6,17,Exit signal,-9356.75,NIFTY 50,rsi_ema
2026-04-16,2026-05-12,24385.2,23470.63,11,Stop loss,-10586.72,NIFTY 50,rsi_ema
2026-06-16,2026-07-15,23923.9,24082.1,17,End of backtest,1873.28,NIFTY 50,rsi_ema
2022-01-05,2022-02-15,36943.12,36989.37,7,Exit signal,-193.8,BANK NIFTY,rsi_ema
2022-04-04,2022-04-19,37824.51,36036.99,5,Stop loss,-9306.9,BANK NIFTY,rsi_ema
2022-05-30,2022-06-10,35958.38,34487.95,6,Stop loss,-9245.25,BANK NIFTY,rsi_ema
2022-07-19,2022-07-28,35112.84,37383.57,8,Target,17585.88,BANK NIFTY,rsi_ema
2022-09-01,2022-09-14,38806.25,41493.65,7,Target,18249.72,BANK NIFTY,rsi_ema
2022-10-18,2022-11-25,40251.58,43194.42,6,Target,17156.37,BANK NIFTY,rsi_ema
2022-12-30,2023-01-06,43401.19,42220.17,8,Stop loss,-10133.19,BANK NIFTY,rsi_ema
2023-03-09,2023-03-10,41532.65,40354.18,8,Stop loss,-10082.87,BANK NIFTY,rsi_ema
2023-06-28,2023-07-20,44419.5,46028.08,12,Target,18217.59,BANK NIFTY,rsi_ema
2023-09-08,2023-09-22,44953.65,44707.35,11,Exit signal,-3695.54,BANK NIFTY,rsi_ema
2023-11-16,2023-11-22,44251.7,43369.25,11,Stop loss,-10670.77,BANK NIFTY,rsi_ema
2023-11-30,2023-12-04,44711.2,46391.09,12,Target,19065.48,BANK NIFTY,rsi_ema
2024-01-15,2024-01-17,47891.05,46819.53,9,Stop loss,-10496.09,BANK NIFTY,rsi_ema
2024-02-21,2024-02-28,47363.4,45881.3,6,Stop loss,-9452.08,BANK NIFTY,rsi_ema
2024-03-04,2024-03-20,47318.5,46392.9,7,Exit signal,-7135.19,BANK NIFTY,rsi_ema
2024-04-01,2024-04-19,47391.05,46744.95,8,Exit signal,-5921.9,BANK NIFTY,rsi_ema
2024-04-24,2024-05-10,48120.9,47555.5,8,Exit signal,-5288.6,BANK NIFTY,rsi_ema
2024-05-24,2024-06-03,48668.0,51121.63,8,Target,18830.73,BANK NIFTY,rsi_ema
2024-06-10,2024-07-25,49808.15,50762.3,4,Exit signal,3414.33,BANK NIFTY,rsi_ema
2024-09-02,2024-09-06,51579.5,50521.6,9,Stop loss,-10439.97,BANK NIFTY,rsi_ema
2024-09-13,2024-09-23,51952.55,54154.64,9,Target,18863.87,BANK NIFTY,rsi_ema
2024-11-26,2024-12-20,52554.9,51401.35,6,Exit signal,-7545.02,BANK NIFTY,rsi_ema
2025-02-06,2025-02-12,50468.35,49093.37,7,Stop loss,-10321.79,BANK NIFTY,rsi_ema
2025-03-19,2025-03-24,49375.4,51659.72,8,Target,17466.31,BANK NIFTY,rsi_ema
2025-04-15,2025-04-22,52299.0,55631.3,6,Target,19346.25,BANK NIFTY,rsi_ema
2025-05-13,2025-07-29,55233.5,55881.8,5,Exit signal,2685.93,BANK NIFTY,rsi_ema
2025-09-17,2025-09-29,55158.35,54460.4,11,Exit signal,-8883.29,BANK NIFTY,rsi_ema
2025-10-03,2025-10-16,55182.6,57058.91,11,Target,19404.77,BANK NIFTY,rsi_ema
2025-12-12,2026-01-21,59401.5,58370.74,10,Stop loss,-11485.29,BANK NIFTY,rsi_ema
2026-01-30,2026-02-02,59542.25,58275.82,8,Stop loss,-11073.97,BANK NIFTY,rsi_ema
2026-02-04,2026-03-04,60163.35,58447.15,6,Exit signal,-11008.88,BANK NIFTY,rsi_ema
2026-04-16,2026-05-06,56657.25,55113.4,3,Exit signal,-4966.87,BANK NIFTY,rsi_ema
2026-06-10,2026-06-25,55110.5,58666.34,5,Target,17210.3,BANK NIFTY,rsi_ema
2026-07-13,2026-07-15,57616.7,57691.6,6,End of backtest,-242.44,BANK NIFTY,rsi_ema
2022-01-05,2022-01-24,1115.08,1067.14,208,Stop loss,-10425.82,RELIANCE,rsi_ema
2022-02-18,2022-02-24,1107.11,1060.61,212,Stop loss,-10318.99,RELIANCE,rsi_ema
2022-03-15,2022-04-20,1099.66,1218.47,164,Target,19103.75,RELIANCE,rsi_ema
2022-05-31,2022-06-17,1196.34,1159.47,144,Exit signal,-5648.14,RELIANCE,rsi_ema
2022-08-02,2022-09-05,1165.13,1150.08,185,Exit signal,-3213.64,RELIANCE,rsi_ema
2022-09-14,2022-09-19,1170.07,1135.63,231,Exit signal,-8489.0,RELIANCE,rsi_ema
2022-10-20,2022-11-28,1129.17,1223.81,207,Target,19102.31,RELIANCE,rsi_ema
2023-04-13,2023-05-29,1069.19,1144.15,266,Target,19350.7,RELIANCE,rsi_ema
2023-06-06,2023-07-03,1128.47,1189.61,333,Target,19589.09,RELIANCE,rsi_ema
2023-07-27,2023-08-28,1247.52,1221.27,216,Exit signal,-6202.97,RELIANCE,rsi_ema
2023-11-16,2023-12-06,1161.54,1220.97,347,Target,19793.81,RELIANCE,rsi_ema
2024-01-25,2024-01-29,1326.95,1425.27,214,Target,20452.4,RELIANCE,rsi_ema
2024-03-01,2024-03-14,1446.06,1422.55,201,Exit signal,-5303.4,RELIANCE,rsi_ema
2024-03-28,2024-05-03,1475.09,1422.41,202,Stop loss,-11225.16,RELIANCE,rsi_ema
2024-05-23,2024-05-31,1441.17,1414.25,201,Exit signal,-5985.95,RELIANCE,rsi_ema
2024-06-04,2024-06-04,1480.2,1406.43,142,Stop loss,-10884.62,RELIANCE,rsi_ema
2024-06-18,2024-07-23,1469.63,1483.11,170,Exit signal,1790.87,RELIANCE,rsi_ema
2024-08-27,2024-09-06,1497.57,1453.4,235,Stop loss,-11072.17,RELIANCE,rsi_ema
2024-09-27,2024-10-03,1486.17,1424.28,236,Exit signal,-15293.03,RELIANCE,rsi_ema
2025-01-20,2025-01-23,1304.73,1255.36,205,Stop loss,-10646.2,RELIANCE,rsi_ema
2025-02-05,2025-02-11,1271.67,1222.08,202,Stop loss,-10520.43,RELIANCE,rsi_ema
2025-03-10,2025-04-04,1234.34,1183.65,196,Stop loss,-10409.58,RELIANCE,rsi_ema
2025-04-21,2025-04-29,1259.13,1378.94,164,Target,19216.01,RELIANCE,rsi_ema
2025-06-05,2025-07-01,1415.77,1515.21,201,Target,19397.48,RELIANCE,rsi_ema
2025-09-17,2025-09-25,1400.52,1363.36,275,Stop loss,-10979.38,RELIANCE,rsi_ema
2025-10-17,2025-10-20,1394.55,1466.26,282,Target,19413.85,RELIANCE,rsi_ema
2025-12-11,2026-01-07,1529.83,1503.05,230,Exit signal,-6856.1,RELIANCE,rsi_ema
2026-04-29,2026-05-13,1385.59,1355.13,156,Exit signal,-5179.18,RELIANCE,rsi_ema
2022-02-03,2022-02-11,3357.67,3217.64,71,Stop loss,-10409.05,TCS,rsi_ema
2022-03-24,2022-04-18,3226.01,3090.13,72,Stop loss,-10238.0,TCS,rsi_ema
2022-07-29,2022-08-25,2895.48,2883.16,77,Exit signal,-1393.69,TCS,rsi_ema
2022-10-19,2022-11-28,2787.38,3009.23,88,Target,19012.54,TCS,rsi_ema
2022-12-15,2022-12-16,2963.68,2862.13,98,Stop loss,-10523.2,TCS,rsi_ema
2023-01-13,2023-02-08,2949.65,3172.96,88,Target,19112.7,TCS,rsi_ema
2023-05-09,2023-06-07,2935.21,2935.57,113,Exit signal,-622.63,TCS,rsi_ema
2023-07-03,2023-07-14,3013.13,3179.0,121,Target,19321.48,TCS,rsi_ema
2023-07-25,2023-08-21,3096.8,3076.29,96,Exit signal,-2561.51,TCS,rsi_ema
2023-09-06,2023-09-18,3130.07,3298.17,121,Target,19562.22,TCS,rsi_ema
2023-10-06,2023-10-18,3273.18,3200.26,97,Exit signal,-7701.05,TCS,rsi_ema
2023-11-17,2023-12-15,3196.52,3387.93,107,Target,19776.73,TCS,rsi_ema
2024-01-15,2024-01-25,3618.86,3481.77,76,Stop loss,-10958.06,TCS,rsi_ema
2024-02-02,2024-02-09,3565.9,3846.69,74,Target,20230.29,TCS,rsi_ema
2024-02-23,2024-03-06,3800.51,3648.52,69,Stop loss,-11001.24,TCS,rsi_ema
2024-03-11,2024-03-20,3762.78,3667.99,70,Exit signal,-7154.95,TCS,rsi_ema
2024-05-08,2024-05-22,3644.99,3554.69,73,Exit signal,-7117.33,TCS,rsi_ema
2024-06-10,2024-07-15,3610.31,3895.41,72,Target,19986.98,TCS,rsi_ema
2024-08-16,2024-09-19,4041.41,4078.62,64,Exit signal,1861.64,TCS,rsi_ema
2024-11-12,2024-11-18,3926.48,3778.51,71,Stop loss,-11052.5,TCS,rsi_ema
2024-11-25,2024-12-23,3986.08,3911.62,59,Exit signal,-4859.13,TCS,rsi_ema
2025-01-13,2025-01-22,3953.48,3841.28,54,Exit signal,-6479.96,TCS,rsi_ema
2025-05-13,2025-05-22,3433.82,3279.23,67,Stop loss,-10806.95,TCS,rsi_ema
2025-06-17,2025-06-23,3358.7,3251.68,95,Stop loss,-10794.67,TCS,rsi_ema
2025-10-24,2025-11-04,2968.27,2871.15,104,Stop loss,-10706.94,TCS,rsi_ema
2025-11-13,2025-12-22,3018.19,3203.45,108,Target,19336.42,TCS,rsi_ema
2026-01-05,2026-01-20,3122.94,3038.16,120,Stop loss,-10912.98,TCS,rsi_ema
2026-02-04,2026-02-05,3061.48,2933.91,66,Exit signal,-8814.75,TCS,rsi_ema
2026-06-03,2026-06-03,2379.95,2236.81,70,Stop loss,-10342.84,TCS,rsi_ema
2022-01-11,2022-01-21,1629.97,1567.13,159,Stop loss,-10500.46,INFY,rsi_ema
2022-03-09,2022-04-08,1573.74,1601.85,118,Exit signal,2943.19,INFY,rsi_ema
2022-07-21,2022-07-26,1347.09,1283.62,156,Stop loss,-10311.63,INFY,rsi_ema
2022-07-29,2022-08-26,1361.12,1363.21,143,Exit signal,-91.18,INFY,rsi_ema
2022-09-14,2022-09-15,1329.33,1309.8,160,Exit signal,-3548.02,INFY,rsi_ema
2022-10-17,2022-11-16,1311.48,1436.04,157,Target,19124.04,INFY,rsi_ema
2023-01-18,2023-02-28,1386.72,1360.56,196,Exit signal,-5667.45,INFY,rsi_ema
2023-06-14,2023-06-23,1188.47,1153.38,282,Stop loss,-10556.83,INFY,rsi_ema
2023-07-03,2023-07-14,1209.99,1280.19,279,Target,18890.03,INFY,rsi_ema
2023-08-07,2023-09-12,1262.67,1363.2,199,Target,19482.7,INFY,rsi_ema
2023-10-09,2023-10-13,1332.72,1290.15,239,Stop loss,-10799.87,INFY,rsi_ema
2023-11-17,2023-12-15,1327.99,1415.84,229,Target,19488.43,INFY,rsi_ema
2024-01-15,2024-03-05,1515.89,1505.8,144,Exit signal,-1888.19,INFY,rsi_ema
2024-06-07,2024-07-02,1392.11,1511.23,172,Target,19988.96,INFY,rsi_ema
2024-08-08,2024-08-28,1673.12,1833.01,130,Target,20330.38,INFY,rsi_ema
2024-10-07,2024-10-21,1807.77,1777.6,149,Exit signal,-5030.03,INFY,rsi_ema
2024-11-13,2024-11-19,1769.32,1735.47,147,Exit signal,-5490.33,INFY,rsi_ema
2024-11-25,2025-01-01,1821.51,1781.58,130,Exit signal,-5659.13,INFY,rsi_ema
2025-01-03,2025-01-17,1856.64,1775.75,129,Stop loss,-10903.1,INFY,rsi_ema
2025-02-07,2025-02-14,1824.65,1762.57,128,Exit signal,-8405.38,INFY,rsi_ema
2025-05-13,2025-07-15,1529.65,1508.85,127,Exit signal,-3027.48,INFY,rsi_ema
2025-08-26,2025-09-01,1468.26,1423.63,180,Exit signal,-8555.01,INFY,rsi_ema
2025-09-11,2025-09-26,1469.13,1406.15,161,Stop loss,-10603.17,INFY,rsi_ema
2025-10-10,2025-10-17,1455.73,1400.05,181,Stop loss,-10595.15,INFY,rsi_ema
2025-10-24,2025-11-07,1484.17,1425.07,168,Stop loss,-10418.31,INFY,rsi_ema
2025-11-11,2025-12-19,1492.7,1597.56,188,Target,19132.44,INFY,rsi_ema
2026-01-02,2026-02-04,1601.25,1549.43,194,Stop loss,-10663.43,INFY,rsi_ema
2026-06-03,2026-06-09,1215.79,1147.23,145,Stop loss,-10284.15,INFY,rsi_ema
2022-01-04,2022-01-25,711.21,682.5,389,Exit signal,-11708.59,HDFCBANK,rsi_ema
2022-02-03,2022-02-08,715.3,690.81,307,Exit signal,-7951.45,HDFCBANK,rsi_ema
2022-03-21,2022-03-28,695.77,656.66,250,Stop loss,-10114.14,HDFCBANK,rsi_ema
2022-03-31,2022-04-04,688.28,759.77,271,Target,18982.17,HDFCBANK,rsi_ema
2022-05-30,2022-06-10,667.53,636.41,317,Stop loss,-10277.01,HDFCBANK,rsi_ema
2022-07-07,2022-08-11,653.21,703.2,391,Target,19015.82,HDFCBANK,rsi_ema
2022-09-01,2022-09-26,693.32,674.67,403,Exit signal,-8067.08,HDFCBANK,rsi_ema
2022-11-01,2022-11-11,711.67,763.99,378,Target,19222.15,HDFCBANK,rsi_ema
2022-12-27,2023-01-06,772.96,758.29,409,Exit signal,-6627.75,HDFCBANK,rsi_ema
2023-01-19,2023-02-23,774.86,763.5,374,Exit signal,-4824.05,HDFCBANK,rsi_ema
2023-04-03,2023-04-17,760.92,809.61,409,Target,19273.14,HDFCBANK,rsi_ema
2023-06-22,2023-07-03,785.18,825.89,499,Target,19511.07,HDFCBANK,rsi_ema
2023-07-18,2023-07-31,812.95,789.99,365,Exit signal,-8964.35,HDFCBANK,rsi_ema
2023-09-11,2023-09-20,779.86,759.74,510,Stop loss,-11046.59,HDFCBANK,rsi_ema
2024-01-16,2024-01-17,800.98,777.58,434,Stop loss,-10838.46,HDFCBANK,rsi_ema
2024-04-02,2024-05-09,701.47,706.16,451,Exit signal,1481.19,HDFCBANK,rsi_ema
2024-05-24,2024-06-03,721.89,771.89,402,Target,19500.03,HDFCBANK,rsi_ema
2024-06-06,2024-06-25,759.45,829.71,292,Target,20050.33,HDFCBANK,rsi_ema
2024-08-05,2024-08-07,795.95,784.74,321,Exit signal,-4105.98,HDFCBANK,rsi_ema
2024-08-12,2024-09-24,801.72,864.54,331,Target,20242.2,HDFCBANK,rsi_ema
2024-10-22,2024-11-14,839.6,811.96,340,Exit signal,-9958.5,HDFCBANK,rsi_ema
2024-11-25,2024-12-23,866.29,864.81,304,Exit signal,-976.22,HDFCBANK,rsi_ema
2025-02-05,2025-02-24,841.03,811.19,352,Stop loss,-11088.07,HDFCBANK,rsi_ema
2025-03-03,2025-03-06,844.33,813.71,339,Stop loss,-10944.51,HDFCBANK,rsi_ema
2025-03-20,2025-04-15,851.22,903.25,395,Target,19857.51,HDFCBANK,rsi_ema
2025-05-13,2025-08-25,946.34,964.15,294,Exit signal,4674.09,HDFCBANK,rsi_ema
2025-10-07,2025-12-18,958.15,957.46,390,Exit signal,-1015.66,HDFCBANK,rsi_ema
2026-01-05,2026-01-05,989.39,963.84,412,Stop loss,-11331.26,HDFCBANK,rsi_ema
2022-01-04,2022-01-18,744.93,810.33,305,Target,19475.04,ICICIBANK,rsi_ema
2022-02-02,2022-02-08,790.57,754.96,286,Stop loss,-10625.81,ICICIBANK,rsi_ema
2022-02-11,2022-02-14,772.96,738.86,295,Stop loss,-10506.73,ICICIBANK,rsi_ema
2022-04-04,2022-05-05,719.75,708.89,268,Exit signal,-3294.48,ICICIBANK,rsi_ema
2022-05-30,2022-06-13,726.3,693.04,299,Stop loss,-10369.25,ICICIBANK,rsi_ema
2022-07-07,2022-07-22,713.89,773.58,329,Target,19151.25,ICICIBANK,rsi_ema
2022-10-19,2022-12-16,878.31,883.62,273,Exit signal,970.91,ICICIBANK,rsi_ema
2023-03-06,2023-03-10,850.69,819.94,326,Stop loss,-10568.67,ICICIBANK,rsi_ema
2023-03-23,2023-05-02,836.3,902.09,302,Target,19343.73,ICICIBANK,rsi_ema
2023-06-06,2023-06-16,923.63,906.85,404,Exit signal,-7520.42,ICICIBANK,rsi_ema
2023-07-04,2023-07-20,924.36,972.02,422,Target,19311.86,ICICIBANK,rsi_ema
2023-08-10,2023-08-14,955.88,933.7,350,Exit signal,-8426.59,ICICIBANK,rsi_ema
2023-08-28,2023-09-22,954.31,941.07,380,Exit signal,-5748.81,ICICIBANK,rsi_ema
2023-11-08,2023-11-20,933.15,907.13,360,Exit signal,-10030.93,ICICIBANK,rsi_ema
2023-12-04,2023-12-14,948.16,1007.62,336,Target,19323.0,ICICIBANK,rsi_ema
2023-12-28,2024-01-03,991.74,960.61,327,Stop loss,-10818.39,ICICIBANK,rsi_ema
2024-01-15,2024-01-18,987.32,956.82,331,Stop loss,-10737.57,ICICIBANK,rsi_ema
2024-01-24,2024-02-08,1012.85,969.76,231,Stop loss,-10410.59,ICICIBANK,rsi_ema
2024-02-20,2024-04-18,1024.26,1056.68,219,Exit signal,6643.97,ICICIBANK,rsi_ema
2024-04-25,2024-05-30,1072.42,1079.31,248,Exit signal,1174.39,ICICIBANK,rsi_ema
2024-06-04,2024-06-04,1139.23,1081.82,173,Stop loss,-10315.61,ICICIBANK,rsi_ema
2024-06-20,2024-08-06,1135.44,1156.05,177,Exit signal,3242.76,ICICIBANK,rsi_ema
2024-08-26,2024-09-18,1196.32,1280.93,233,Target,19137.96,ICICIBANK,rsi_ema
2024-10-29,2024-11-14,1291.39,1234.71,177,Stop loss,-10477.87,ICICIBANK,rsi_ema
2024-11-26,2024-12-20,1300.56,1274.12,196,Exit signal,-5688.05,ICICIBANK,rsi_ema
2025-02-05,2025-02-24,1260.47,1217.31,216,Exit signal,-9859.24,ICICIBANK,rsi_ema
2025-03-12,2025-03-21,1237.4,1316.78,247,Target,18975.85,ICICIBANK,rsi_ema
2025-04-16,2025-05-26,1346.61,1449.09,195,Target,19439.4,ICICIBANK,rsi_ema
2025-06-06,2025-06-19,1437.51,1397.22,223,Exit signal,-9616.61,ICICIBANK,rsi_ema
2025-06-30,2025-07-11,1450.61,1409.29,244,Stop loss,-10778.21,ICICIBANK,rsi_ema
2025-07-22,2025-08-07,1462.81,1424.22,259,Stop loss,-10743.1,ICICIBANK,rsi_ema
2025-08-22,2025-08-28,1444.3,1408.0,286,Exit signal,-11197.57,ICICIBANK,rsi_ema
2025-10-16,2025-10-23,1401.0,1368.07,297,Stop loss,-10601.45,ICICIBANK,rsi_ema
2025-11-14,2025-12-11,1374.0,1363.7,253,Exit signal,-3298.55,ICICIBANK,rsi_ema
2026-01-07,2026-01-19,1408.0,1371.07,261,Stop loss,-10365.15,ICICIBANK,rsi_ema
2026-02-05,2026-03-02,1414.0,1359.47,174,Stop loss,-9970.66,ICICIBANK,rsi_ema
2026-04-13,2026-04-30,1304.9,1261.0,128,Exit signal,-5947.64,ICICIBANK,rsi_ema
2026-05-26,2026-06-01,1290.0,1240.98,191,Stop loss,-9845.31,ICICIBANK,rsi_ema
2026-06-11,2026-06-25,1286.5,1392.97,174,Target,18058.77,ICICIBANK,rsi_ema
2022-01-05,2022-01-28,440.82,485.81,444,Target,19566.83,SBIN,rsi_ema
2022-03-21,2022-04-26,459.2,456.46,362,Exit signal,-1324.88,SBIN,rsi_ema
2022-07-01,2022-07-20,430.46,470.07,514,Target,19894.18,SBIN,rsi_ema
2022-08-12,2022-09-14,488.39,530.05,498,Target,20239.28,SBIN,rsi_ema
2022-10-19,2022-11-07,523.04,573.93,415,Target,20665.37,SBIN,rsi_ema
2022-12-30,2023-01-11,571.58,554.12,464,Exit signal,-8626.35,SBIN,rsi_ema
2023-03-06,2023-03-13,524.81,498.72,410,Stop loss,-11112.47,SBIN,rsi_ema
2023-04-18,2023-05-16,506.64,546.66,529,Target,20613.07,SBIN,rsi_ema
2023-07-04,2023-07-24,557.07,588.74,681,Target,20786.49,SBIN,rsi_ema
2023-09-11,2023-10-16,555.93,545.52,628,Exit signal,-7234.11,SBIN,rsi_ema
2023-11-15,2023-11-17,556.17,540.45,695,Stop loss,-11685.62,SBIN,rsi_ema
2023-12-05,2023-12-15,563.56,599.23,606,Target,20910.4,SBIN,rsi_ema
2024-01-15,2024-01-23,605.09,582.35,484,Stop loss,-11581.55,SBIN,rsi_ema
2024-02-01,2024-02-08,608.73,665.98,381,Target,21324.67,SBIN,rsi_ema
2024-04-01,2024-04-29,718.88,781.6,354,Target,21671.81,SBIN,rsi_ema
2024-06-13,2024-08-06,813.7,792.18,208,Exit signal,-4810.62,SBIN,rsi_ema
2024-10-18,2024-10-23,781.06,752.93,401,Stop loss,-11894.0,SBIN,rsi_ema
2024-10-30,2024-11-18,797.33,780.96,317,Exit signal,-5689.68,SBIN,rsi_ema
2024-11-26,2024-12-23,812.74,787.03,258,Exit signal,-7046.17,SBIN,rsi_ema
2025-03-20,2025-04-21,720.29,772.99,419,Target,21454.46,SBIN,rsi_ema
2025-05-13,2025-06-20,769.02,773.56,285,Exit signal,853.73,SBIN,rsi_ema
2025-06-30,2025-07-29,794.68,782.1,460,Exit signal,-6509.07,SBIN,rsi_ema
2025-08-12,2025-08-28,810.34,792.96,486,Exit signal,-9229.11,SBIN,rsi_ema
2025-09-11,2025-09-17,804.6,841.49,602,Target,21216.45,SBIN,rsi_ema
2025-12-08,2026-01-16,953.66,1015.26,367,Target,21886.17,SBIN,rsi_ema
2026-02-04,2026-02-11,1045.36,1140.96,241,Target,22514.37,SBIN,rsi_ema
2026-04-21,2026-05-05,1093.69,1032.44,192,Stop loss,-12167.55,SBIN,rsi_ema
2026-07-02,2026-07-08,1050.9,1014.1,316,Stop loss,-12281.22,SBIN,rsi_ema
2026-07-14,2026-07-15,1033.3,1023.2,296,End of backtest,-3598.33,SBIN,rsi_ema
2022-01-04,2022-01-24,198.91,185.48,744,Stop loss,-10277.01,NIFTYBEES,rsi_ema
2022-03-21,2022-04-20,190.0,191.89,790,Exit signal,1191.41,NIFTYBEES,rsi_ema
2022-07-19,2022-08-02,176.8,191.77,1323,Target,19322.59,NIFTYBEES,rsi_ema
2022-09-01,2022-09-02,193.7,182.73,921,Stop loss,-10448.03,NIFTYBEES,rsi_ema
2022-09-21,2022-09-26,195.22,194.5,1124,Exit signal,-1247.33,NIFTYBEES,rsi_ema
2022-10-21,2022-12-08,191.97,183.25,1145,Stop loss,-10411.09,NIFTYBEES,rsi_ema
2023-02-17,2023-02-23,198.89,194.49,1179,Exit signal,-5651.39,NIFTYBEES,rsi_ema
2023-04-06,2023-05-16,189.2,202.07,1526,Target,19048.4,NIFTYBEES,rsi_ema
2023-08-08,2023-08-17,216.47,209.07,1352,Stop loss,-10585.5,NIFTYBEES,rsi_ema
2023-09-05,2023-09-29,216.98,222.25,915,Exit signal,4420.16,NIFTYBEES,rsi_ema
2023-10-12,2023-10-17,225.3,212.58,782,Stop loss,-10288.43,NIFTYBEES,rsi_ema
2023-10-18,2023-10-23,219.59,221.75,778,Exit signal,1337.12,NIFTYBEES,rsi_ema
2023-11-16,2023-12-15,217.99,235.55,1123,Target,19207.35,NIFTYBEES,rsi_ema
2024-01-23,2024-01-24,241.9,234.17,1300,Stop loss,-10673.08,NIFTYBEES,rsi_ema
2024-01-30,2024-03-20,241.99,242.99,1289,Exit signal,663.86,NIFTYBEES,rsi_ema
2024-04-01,2024-04-16,254.35,245.6,1138,Stop loss,-10524.1,NIFTYBEES,rsi_ema
2024-04-26,2024-05-10,248.58,244.01,1255,Exit signal,-6353.56,NIFTYBEES,rsi_ema
2024-05-22,2024-06-05,250.99,242.52,1155,Stop loss,-10355.39,NIFTYBEES,rsi_ema
2024-06-10,2024-08-07,259.45,269.5,908,Exit signal,8645.1,NIFTYBEES,rsi_ema
2024-08-19,2024-09-23,274.39,288.62,1373,Target,18767.27,NIFTYBEES,rsi_ema
2024-12-04,2024-12-20,273.94,267.11,1199,Exit signal,-8837.91,NIFTYBEES,rsi_ema
2025-02-05,2025-02-11,265.95,259.81,1606,Stop loss,-10707.76,NIFTYBEES,rsi_ema
2025-04-03,2025-04-07,260.9,254.15,1446,Stop loss,-10500.96,NIFTYBEES,rsi_ema
2025-04-16,2025-06-26,263.99,285.86,882,Target,18808.54,NIFTYBEES,rsi_ema
2025-08-20,2025-08-25,282.48,276.56,1661,Stop loss,-10768.35,NIFTYBEES,rsi_ema
2025-09-11,2025-09-19,281.9,293.81,1635,Target,18526.02,NIFTYBEES,rsi_ema
2025-10-07,2025-11-17,283.49,296.26,1554,Target,18936.99,NIFTYBEES,rsi_ema
2025-12-05,2025-12-08,299.9,293.55,1592,Stop loss,-11051.86,NIFTYBEES,rsi_ema
2025-12-15,2025-12-18,294.99,288.13,1458,Stop loss,-10847.86,NIFTYBEES,rsi_ema
2025-12-23,2026-01-09,296.98,290.42,1508,Stop loss,-10777.14,NIFTYBEES,rsi_ema
2026-02-10,2026-02-25,292.56,292.0,1372,Exit signal,-1570.33,NIFTYBEES,rsi_ema
2026-05-07,2026-05-12,275.7,268.26,1313,Stop loss,-10483.54,NIFTYBEES,rsi_ema
2026-06-16,2026-07-15,272.42,273.83,1422,End of backtest,1228.21,NIFTYBEES,rsi_ema
2022-07-29,2022-08-17,17079.5,17919.07,23,Target,18505.26,NIFTY 50,volume_breakout
2022-11-14,2022-12-16,18376.4,18319.1,26,Exit signal,-2443.9,NIFTY 50,volume_breakout
2023-06-30,2023-07-17,19076.85,19638.49,36,Target,18825.36,NIFTY 50,volume_breakout
2023-12-01,2023-12-05,20194.1,20779.79,35,Target,19065.18,NIFTY 50,volume_breakout
2023-12-06,2023-12-27,20950.75,21605.19,32,Target,19580.24,NIFTY 50,volume_breakout
2024-06-04,2024-06-04,23179.5,22399.59,13,Stop loss,-10731.38,NIFTY 50,volume_breakout
2024-09-02,2024-09-06,25333.6,24929.24,26,Stop loss,-11820.1,NIFTY 50,volume_breakout
2024-09-23,2024-10-03,25872.55,25434.12,23,Stop loss,-11263.86,NIFTY 50,volume_breakout
2025-03-24,2025-04-04,23515.4,23007.58,20,Stop loss,-11086.96,NIFTY 50,volume_breakout
2025-06-30,2025-07-11,25661.65,25153.75,20,Stop loss,-11174.27,NIFTY 50,volume_breakout
2022-08-02,2022-08-30,37767.26,38516.5,9,Exit signal,6056.6,BANK NIFTY,volume_breakout
2022-11-09,2022-12-22,41914.37,42863.5,8,Exit signal,6914.87,BANK NIFTY,volume_breakout
2023-09-14,2023-09-21,46013.3,45065.26,10,Stop loss,-10391.23,BANK NIFTY,volume_breakout
2023-12-05,2024-01-09,46895.9,47705.4,9,Exit signal,6434.09,BANK NIFTY,volume_breakout
2024-06-04,2024-06-04,50667.05,48609.14,4,Stop loss,-8628.76,BANK NIFTY,volume_breakout
2024-06-20,2024-07-24,51712.9,51657.65,5,Exit signal,-793.1,BANK NIFTY,volume_breakout
2024-09-23,2024-10-03,53917.9,52795.21,8,Stop loss,-9835.18,BANK NIFTY,volume_breakout
2025-03-24,2025-04-07,50982.7,49736.45,7,Stop loss,-9428.79,BANK NIFTY,volume_breakout
2025-04-21,2025-05-12,54891.25,54658.75,5,Exit signal,-1710.25,BANK NIFTY,volume_breakout
2025-06-09,2025-06-13,57049.5,55710.99,7,Stop loss,-10158.92,BANK NIFTY,volume_breakout
2025-10-21,2025-12-01,58063.4,60019.7,9,Target,16543.95,BANK NIFTY,volume_breakout
2026-01-05,2026-01-09,60360.4,59486.98,11,Stop loss,-10925.95,BANK NIFTY,volume_breakout
2022-03-23,2022-04-13,1142.71,1166.04,172,Exit signal,3614.84,RELIANCE,volume_breakout
2022-04-21,2022-05-06,1245.93,1183.11,179,Exit signal,-11679.53,RELIANCE,volume_breakout
2022-11-29,2022-12-12,1228.66,1174.84,197,Exit signal,-11076.59,RELIANCE,volume_breakout
2023-06-19,2023-06-23,1174.16,1144.26,328,Stop loss,-10567.11,RELIANCE,volume_breakout
2023-07-07,2023-07-12,1197.33,1265.7,283,Target,18650.84,RELIANCE,volume_breakout
2023-07-19,2023-07-21,1285.94,1242.83,229,Stop loss,-10451.1,RELIANCE,volume_breakout
2023-12-07,2023-12-19,1215.34,1269.6,360,Target,18636.49,RELIANCE,volume_breakout
2024-01-12,2024-01-29,1343.7,1429.82,231,Target,19254.71,RELIANCE,volume_breakout
2024-01-30,2024-03-12,1442.55,1449.12,160,Exit signal,588.68,RELIANCE,volume_breakout
2024-06-04,2024-06-04,1480.2,1406.43,137,Stop loss,-10501.36,RELIANCE,volume_breakout
2024-06-28,2024-07-23,1512.78,1483.11,151,Exit signal,-4932.15,RELIANCE,volume_breakout
2025-01-20,2025-01-23,1304.73,1255.36,202,Stop loss,-10490.41,RELIANCE,volume_breakout
2025-03-24,2025-04-02,1279.95,1236.87,225,Exit signal,-10258.78,RELIANCE,volume_breakout
2025-04-29,2025-06-04,1359.26,1402.59,152,Exit signal,6165.71,RELIANCE,volume_breakout
2025-10-21,2025-11-20,1461.24,1542.1,244,Target,18997.28,RELIANCE,volume_breakout
2025-11-21,2025-12-10,1533.91,1526.94,248,Exit signal,-2487.09,RELIANCE,volume_breakout
2022-11-02,2022-12-09,2885.33,2977.18,105,Exit signal,9029.11,TCS,volume_breakout
2023-07-17,2023-07-21,3191.05,3083.5,93,Stop loss,-10585.69,TCS,volume_breakout
2023-09-13,2023-10-03,3255.04,3221.4,112,Exit signal,-4492.4,TCS,volume_breakout
2023-10-10,2023-10-13,3317.89,3217.58,94,Exit signal,-10043.48,TCS,volume_breakout
2023-12-18,2024-01-03,3525.74,3397.09,76,Stop loss,-10303.04,TCS,volume_breakout
2024-02-07,2024-02-21,3821.67,3670.26,64,Stop loss,-10169.86,TCS,volume_breakout
2024-03-13,2024-03-19,3869.52,3713.49,61,Stop loss,-9980.37,TCS,volume_breakout
2024-06-28,2024-07-11,3631.44,3643.67,76,Exit signal,376.92,TCS,volume_breakout
2024-07-15,2024-08-06,3926.1,3875.07,61,Exit signal,-3589.2,TCS,volume_breakout
2024-11-25,2024-12-18,3986.08,4015.6,53,Exit signal,1140.61,TCS,volume_breakout
2025-08-28,2025-09-01,3019.65,2966.84,98,Exit signal,-5761.85,TCS,volume_breakout
2025-10-24,2025-11-04,2968.27,2910.06,97,Exit signal,-6216.45,TCS,volume_breakout
2025-11-13,2025-12-22,3018.19,3203.45,101,Target,18083.13,TCS,volume_breakout
2026-06-03,2026-06-03,2379.95,2236.81,66,Stop loss,-9751.82,TCS,volume_breakout
2022-03-09,2022-04-07,1573.74,1600.14,119,Exit signal,2764.44,INFY,volume_breakout
2023-07-03,2023-07-14,1209.99,1280.19,285,Target,19296.27,INFY,volume_breakout
2023-07-17,2023-07-21,1297.28,1250.15,216,Stop loss,-10730.94,INFY,volume_breakout
2023-09-13,2023-09-26,1369.2,1333.25,281,Stop loss,-10861.19,INFY,volume_breakout
2023-11-17,2023-12-14,1327.99,1348.59,227,Exit signal,4067.78,INFY,volume_breakout
2023-12-15,2024-01-04,1403.56,1386.88,183,Exit signal,-3563.13,INFY,volume_breakout
2024-01-15,2024-02-22,1515.89,1534.37,140,Exit signal,2159.73,INFY,volume_breakout
2024-06-10,2024-07-04,1433.75,1554.11,166,Target,19483.57,INFY,volume_breakout
2024-07-15,2024-07-26,1622.6,1739.29,175,Target,19833.17,INFY,volume_breakout
2025-06-12,2025-06-24,1558.89,1543.46,172,Exit signal,-3186.7,INFY,volume_breakout
2025-10-24,2025-11-06,1484.17,1447.28,175,Exit signal,-6968.62,INFY,volume_breakout
2025-11-12,2025-11-18,1507.38,1454.66,195,Stop loss,-10859.06,INFY,volume_breakout
2025-12-22,2026-01-01,1628.75,1581.18,182,Exit signal,-9242.06,INFY,volume_breakout
2026-06-03,2026-06-09,1215.79,1168.32,147,Exit signal,-7328.95,INFY,volume_breakout
2022-04-05,2022-04-06,779.85,731.2,205,Stop loss,-10282.27,HDFCBANK,volume_breakout
2022-07-08,2022-07-13,667.41,643.17,408,Stop loss,-10425.02,HDFCBANK,volume_breakout
2022-08-01,2022-08-30,681.13,684.66,452,Exit signal,976.59,HDFCBANK,volume_breakout
2022-09-15,2022-09-19,724.21,700.84,419,Stop loss,-10389.89,HDFCBANK,volume_breakout
2022-11-02,2022-11-11,718.06,768.9,381,Target,18804.25,HDFCBANK,volume_breakout
2022-11-14,2022-12-22,763.02,767.85,328,Exit signal,1081.46,HDFCBANK,volume_breakout
2023-01-23,2023-01-27,788.7,762.57,378,Stop loss,-10462.4,HDFCBANK,volume_breakout
2023-04-06,2023-05-08,780.32,773.91,386,Exit signal,-3075.65,HDFCBANK,volume_breakout
2023-06-23,2023-07-03,784.01,825.34,472,Target,18752.63,HDFCBANK,volume_breakout
2023-07-04,2023-07-05,825.13,800.02,396,Stop loss,-10589.59,HDFCBANK,volume_breakout
2023-09-18,2023-09-20,791.76,770.67,466,Stop loss,-10558.65,HDFCBANK,volume_breakout
2023-12-05,2024-01-09,783.5,798.18,455,Exit signal,5957.06,HDFCBANK,volume_breakout
2024-04-05,2024-04-16,736.82,712.69,406,Stop loss,-10386.25,HDFCBANK,volume_breakout
2024-06-04,2024-06-04,755.62,722.16,289,Stop loss,-10095.89,HDFCBANK,volume_breakout
2024-06-20,2024-07-08,810.36,798.47,304,Exit signal,-4103.62,HDFCBANK,volume_breakout
2024-11-26,2024-12-19,878.4,873.35,273,Exit signal,-1856.11,HDFCBANK,volume_breakout
2025-03-26,2025-04-01,885.68,858.7,353,Stop loss,-10141.95,HDFCBANK,volume_breakout
2025-04-16,2025-05-12,914.22,930.62,261,Exit signal,3799.76,HDFCBANK,volume_breakout
2025-06-09,2025-06-13,968.18,939.11,325,Stop loss,-10070.1,HDFCBANK,volume_breakout
2025-06-27,2025-07-18,987.67,960.19,341,Stop loss,-10032.21,HDFCBANK,volume_breakout
2026-07-07,2026-07-08,843.0,813.08,309,Stop loss,-9755.51,HDFCBANK,volume_breakout
2022-01-06,2022-01-31,751.81,765.3,294,Exit signal,3518.06,ICICIBANK,volume_breakout
2022-06-01,2022-06-09,725.57,703.26,310,Exit signal,-7359.2,ICICIBANK,volume_breakout
2022-08-08,2022-09-08,816.39,873.6,348,Target,19320.73,ICICIBANK,volume_breakout
2022-12-01,2022-12-06,932.9,902.05,329,Stop loss,-10755.66,ICICIBANK,volume_breakout
2023-04-03,2023-05-12,858.93,924.39,306,Target,19484.1,ICICIBANK,volume_breakout
2023-07-19,2023-08-04,956.32,945.25,380,Exit signal,-4931.4,ICICIBANK,volume_breakout
2023-12-05,2023-12-26,986.33,978.86,328,Exit signal,-3097.18,ICICIBANK,volume_breakout
2024-01-24,2024-02-08,1012.85,969.76,235,Stop loss,-10590.86,ICICIBANK,volume_breakout
2024-04-30,2024-05-09,1141.24,1096.61,225,Stop loss,-10546.84,ICICIBANK,volume_breakout
2024-06-04,2024-06-04,1139.23,1081.82,173,Stop loss,-10315.61,ICICIBANK,volume_breakout
2024-09-04,2024-09-09,1230.36,1193.69,245,Exit signal,-9577.33,ICICIBANK,volume_breakout
2024-09-23,2024-09-30,1320.81,1271.64,198,Stop loss,-10249.52,ICICIBANK,volume_breakout
2024-10-30,2024-11-05,1313.86,1257.52,171,Stop loss,-10074.57,ICICIBANK,volume_breakout
2024-12-06,2024-12-19,1332.22,1276.15,200,Exit signal,-11735.15,ICICIBANK,volume_breakout
2025-03-24,2025-04-07,1345.57,1302.17,217,Stop loss,-9991.21,ICICIBANK,volume_breakout
2026-01-07,2026-01-19,1408.0,1371.07,252,Stop loss,-10007.73,ICICIBANK,volume_breakout
2026-04-15,2026-04-28,1358.0,1314.3,128,Exit signal,-5935.65,ICICIBANK,volume_breakout
2026-06-12,2026-07-15,1330.0,1411.2,171,End of backtest,13416.45,ICICIBANK,volume_breakout
2022-01-28,2022-02-14,488.48,462.23,381,Stop loss,-10360.31,SBIN,volume_breakout
2022-07-21,2022-08-11,473.62,483.09,547,Exit signal,4660.08,SBIN,volume_breakout
2022-09-12,2022-09-26,515.51,507.06,497,Exit signal,-4709.92,SBIN,volume_breakout
2022-10-27,2022-12-19,542.5,561.13,406,Exit signal,7114.44,SBIN,volume_breakout
2023-03-06,2023-03-13,524.81,498.72,382,Stop loss,-10353.57,SBIN,volume_breakout
2023-04-18,2023-05-16,506.64,546.66,492,Target,19171.33,SBIN,volume_breakout
2023-07-21,2023-08-03,577.72,567.01,528,Exit signal,-6255.04,SBIN,volume_breakout
2023-12-05,2023-12-15,563.56,599.23,560,Target,19323.14,SBIN,volume_breakout
2023-12-18,2024-01-08,612.43,592.15,502,Stop loss,-10783.54,SBIN,volume_breakout
2024-02-08,2024-02-15,644.39,712.98,293,Target,19699.5,SBIN,volume_breakout
2024-04-26,2024-06-03,772.72,838.61,311,Target,19989.47,SBIN,volume_breakout
2024-06-04,2024-06-04,863.77,800.43,165,Stop loss,-10727.11,SBIN,volume_breakout
2024-10-30,2024-11-14,797.33,778.7,294,Exit signal,-5941.51,SBIN,volume_breakout
2025-04-21,2025-05-07,773.26,736.95,276,Exit signal,-10436.59,SBIN,volume_breakout
2025-06-02,2025-06-16,798.46,778.47,352,Exit signal,-7591.43,SBIN,volume_breakout
2025-07-17,2025-07-22,823.56,801.02,449,Stop loss,-10846.49,SBIN,volume_breakout
2025-09-18,2025-10-20,843.45,884.22,491,Target,19169.3,SBIN,volume_breakout
2025-10-29,2025-11-25,917.36,970.24,386,Target,19679.67,SBIN,volume_breakout
2026-01-14,2026-02-02,1011.76,984.21,377,Stop loss,-11139.54,SBIN,volume_breakout
2026-02-10,2026-03-06,1130.62,1147.81,194,Exit signal,2892.86,SBIN,volume_breakout
2026-04-21,2026-05-01,1093.69,1049.53,168,Exit signal,-7777.97,SBIN,volume_breakout
2022-07-21,2022-08-02,180.97,195.98,1332,Target,19488.21,NIFTYBEES,volume_breakout
2022-11-01,2022-12-08,197.8,190.53,1402,Stop loss,-10738.53,NIFTYBEES,volume_breakout
2024-06-04,2024-06-04,259.87,249.69,991,Stop loss,-10589.37,NIFTYBEES,volume_breakout
2024-07-30,2024-08-06,268.4,271.88,1336,Exit signal,3927.48,NIFTYBEES,volume_breakout
2024-09-23,2024-10-03,288.06,282.73,1880,Stop loss,-11092.87,NIFTYBEES,volume_breakout
2024-12-06,2024-12-18,277.99,271.61,1188,Exit signal,-8232.37,NIFTYBEES,volume_breakout
2025-03-24,2025-04-07,261.62,264.85,1527,Exit signal,4128.31,NIFTYBEES,volume_breakout
2025-06-27,2025-07-14,287.0,284.39,1330,Exit signal,-4231.23,NIFTYBEES,volume_breakout
